V,rpm,beta_deg,CP,CT,P,Thrust,lambda
10,14,0,0.445859616387103,0.69848487866588,1774978.81909804,278068.660969688,7.03716754404114
