V_mps,rpm,beta_star_deg,P_W,CP,CT,Thrust_N,lambda
18.8,15.5,18.1022360432081,2500000,0.0945086204850552,0.108067155440757,152056.312944632,4.14422860686313
