V_mps,rpm,beta_deg,Thrust_N,TowerDrag_N,BaseMoment_Nm,BaseStress_Pa,MaxStress_Pa,MaxStressLoc_m,SF_yield,TopDeflection_m
18.8,15.5,18.1022360432081,152056.312944632,17510.1044342996,12856919.8171833,25441353.8294272,30065346.2859774,24.90550918197,11.4750050346471,0.190262476723416
